/*
 Navicat Premium Data Transfer

 Source Server         : localhost_3306
 Source Server Type    : MySQL
 Source Server Version : 80015
 Source Host           : localhost:3306
 Source Schema         : fieldpractice

 Target Server Type    : MySQL
 Target Server Version : 80015
 File Encoding         : 65001

 Date: 19/07/2019 21:43:19
*/

SET NAMES utf8mb4;
SET FOREIGN_KEY_CHECKS = 0;

-- ----------------------------
-- Table structure for classtable
-- ----------------------------
DROP TABLE IF EXISTS `classtable`;
CREATE TABLE `classtable`  (
  `classname` varchar(255) CHARACTER SET utf8 COLLATE utf8_general_ci NOT NULL COMMENT '班级名称',
  `number` int(200) NULL DEFAULT NULL COMMENT '班级总人数'
) ENGINE = InnoDB CHARACTER SET = utf8 COLLATE = utf8_general_ci ROW_FORMAT = Dynamic;

-- ----------------------------
-- Records of classtable
-- ----------------------------
INSERT INTO `classtable` VALUES ('地信1601', 12);
INSERT INTO `classtable` VALUES ('地信1602', 10);
INSERT INTO `classtable` VALUES ('地信1603', 15);

-- ----------------------------
-- Table structure for group
-- ----------------------------
DROP TABLE IF EXISTS `group`;
CREATE TABLE `group`  (
  `GroupId` int(20) NOT NULL,
  `TaskId` int(20) NOT NULL,
  `Headman` int(20) NOT NULL,
  `Members` varchar(255) CHARACTER SET utf8 COLLATE utf8_general_ci NOT NULL,
  PRIMARY KEY (`GroupId`) USING BTREE
) ENGINE = InnoDB CHARACTER SET = utf8 COLLATE = utf8_general_ci ROW_FORMAT = Dynamic;

-- ----------------------------
-- Table structure for img
-- ----------------------------
DROP TABLE IF EXISTS `img`;
CREATE TABLE `img`  (
  `Icon` varchar(255) CHARACTER SET utf8 COLLATE utf8_general_ci NOT NULL,
  `Img` longblob NULL,
  PRIMARY KEY (`Icon`) USING BTREE
) ENGINE = InnoDB CHARACTER SET = utf8 COLLATE = utf8_general_ci ROW_FORMAT = Dynamic;

-- ----------------------------
-- Table structure for location
-- ----------------------------
DROP TABLE IF EXISTS `location`;
CREATE TABLE `location`  (
  `Id` int(11) NOT NULL AUTO_INCREMENT,
  `UserId` varchar(20) CHARACTER SET utf8 COLLATE utf8_general_ci NOT NULL,
  `LastTime` datetime(6) NULL DEFAULT NULL,
  `Location` varchar(21700) CHARACTER SET utf8 COLLATE utf8_general_ci NULL DEFAULT NULL,
  `TaskId` varchar(20) CHARACTER SET utf8 COLLATE utf8_general_ci NULL DEFAULT NULL,
  PRIMARY KEY (`Id`) USING BTREE
) ENGINE = InnoDB AUTO_INCREMENT = 44 CHARACTER SET = utf8 COLLATE = utf8_general_ci ROW_FORMAT = Dynamic;

-- ----------------------------
-- Records of location
-- ----------------------------
INSERT INTO `location` VALUES (13, '5120160004', '2019-07-02 23:34:10.000000', '{\"count\":9,\"location\":[{\"log\":104.621494,\"lat\":31.5401},{\"log\":104.622494,\"lat\":31.5401},\r\n{\"log\":104.623494,\"lat\":31.5401},\r\n{\"log\":104.624494,\"lat\":31.5401},\r\n{\"log\":104.625494,\"lat\":31.5401},\r\n{\"log\":104.626494,\"lat\":31.5401},\r\n{\"log\":104.627494,\"lat\":31.5401},\r\n{\"log\":104.628494,\"lat\":31.5401},\r\n{\"log\":104.629494,\"lat\":31.5401}]}', '3');
INSERT INTO `location` VALUES (14, '5120160003', '2019-06-01 17:28:22.000000', '{\"count\":10,\"location\":[{\"log\":104.611494,\"lat\":31.5401},{\"log\":104.612494,\"lat\":31.5401},\r\n{\"log\":104.613494,\"lat\":31.5401},\r\n{\"log\":104.614494,\"lat\":31.5401},\r\n{\"log\":104.615494,\"lat\":31.5401},\r\n{\"log\":104.616494,\"lat\":31.5401},\r\n{\"log\":104.617494,\"lat\":31.5401},\r\n{\"log\":104.618494,\"lat\":31.5401},\r\n{\"log\":104.619494,\"lat\":31.5401},\r\n{\"log\":104.620494,\"lat\":31.5401}]}', '3');
INSERT INTO `location` VALUES (15, '5120160006', '2019-07-02 23:34:10.000000', '{\"count\":9,\"location\":[{\"log\":104.641494,\"lat\":31.5401},{\"log\":104.642494,\"lat\":31.5401},\r\n{\"log\":104.643494,\"lat\":31.5401},\r\n{\"log\":104.644494,\"lat\":31.5401},\r\n{\"log\":104.645494,\"lat\":31.5401},\r\n{\"log\":104.646494,\"lat\":31.5401},\r\n{\"log\":104.647494,\"lat\":31.5401},\r\n{\"log\":104.648494,\"lat\":31.5401},\r\n{\"log\":104.649494,\"lat\":31.5401}]}', '3');
INSERT INTO `location` VALUES (18, '5120163333', '2019-07-02 23:34:10.000000', '{\"count\":9,\"location\":[{\"log\":104.651494,\"lat\":31.5401},{\"log\":104.652494,\"lat\":31.5401},\r\n{\"log\":104.653494,\"lat\":31.5401},\r\n{\"log\":104.654494,\"lat\":31.5401},\r\n{\"log\":104.655494,\"lat\":31.5401},\r\n{\"log\":104.656494,\"lat\":31.5401},\r\n{\"log\":104.657494,\"lat\":31.5401},\r\n{\"log\":104.658494,\"lat\":31.5401},\r\n{\"log\":104.659494,\"lat\":31.5401}]}', '3');
INSERT INTO `location` VALUES (19, '5120160001', '2019-06-01 13:45:25.000000', '{\"count\":9,\"location\":[{\"log\":104.661494,\"lat\":31.5401},{\"log\":104.662494,\"lat\":31.5401},\r\n{\"log\":104.663494,\"lat\":31.5401},\r\n{\"log\":104.664494,\"lat\":31.5401},\r\n{\"log\":104.665494,\"lat\":31.5401},\r\n{\"log\":104.666494,\"lat\":31.5401},\r\n{\"log\":104.667494,\"lat\":31.5401},\r\n{\"log\":104.668494,\"lat\":31.5401},\r\n{\"log\":104.669494,\"lat\":31.5401}]}', '3');
INSERT INTO `location` VALUES (20, '5120160002', '2019-06-01 14:07:48.000000', '{\"count\":16,\"location\":[{\"log\":104.671494,\"lat\":31.5401},{\"log\":104.672494,\"lat\":31.5401},{\"log\":104.673494,\"lat\":31.5401},{\"log\":104.674494,\"lat\":31.5401},{\"log\":104.675494,\"lat\":31.5401},{\"log\":104.676494,\"lat\":31.5401},{\"log\":104.677494,\"lat\":31.5401},{\"log\":104.678494,\"lat\":31.5401},{\"log\":104.679494,\"lat\":31.5401},{\"log\":104.685504,\"lat\":31.540106},{\"log\":104.685504,\"lat\":31.540093},{\"log\":104.685509,\"lat\":31.540115},{\"log\":104.685505,\"lat\":31.540103},{\"log\":104.685505,\"lat\":31.540103},{\"log\":104.685505,\"lat\":31.540103},{\"log\":104.685505,\"lat\":31.540103}]}', '3');
INSERT INTO `location` VALUES (21, 'undefined', '2019-06-01 17:29:42.000000', '{\"count\":440,\"location\":[{\"log\":104.685492,\"lat\":31.54011},{\"log\":104.685491,\"lat\":31.540114},{\"log\":104.685491,\"lat\":31.540114},{\"log\":104.685491,\"lat\":31.540114},{\"log\":104.685492,\"lat\":31.540112},{\"log\":104.685492,\"lat\":31.540107},{\"log\":104.685492,\"lat\":31.540107},{\"log\":104.685492,\"lat\":31.540107},{\"log\":104.685492,\"lat\":31.540107},{\"log\":104.685492,\"lat\":31.540107},{\"log\":104.685492,\"lat\":31.540113},{\"log\":104.685492,\"lat\":31.540113},{\"log\":104.685492,\"lat\":31.540113},{\"log\":104.685492,\"lat\":31.540113},{\"log\":104.685492,\"lat\":31.540113},{\"log\":104.685492,\"lat\":31.540113},{\"log\":104.685492,\"lat\":31.540113},{\"log\":104.685492,\"lat\":31.540106},{\"log\":104.685492,\"lat\":31.540106},{\"log\":104.685491,\"lat\":31.540109},{\"log\":104.685491,\"lat\":31.540109},{\"log\":104.685491,\"lat\":31.54011},{\"log\":104.685491,\"lat\":31.540105},{\"log\":104.685492,\"lat\":31.540107},{\"log\":104.685492,\"lat\":31.540107},{\"log\":104.685489,\"lat\":31.540104},{\"log\":104.685492,\"lat\":31.540102},{\"log\":104.685489,\"lat\":31.540111},{\"log\":104.685489,\"lat\":31.540111},{\"log\":104.685489,\"lat\":31.540111},{\"log\":104.685492,\"lat\":31.540104},{\"log\":104.685492,\"lat\":31.540104},{\"log\":104.685491,\"lat\":31.540112},{\"log\":104.685491,\"lat\":31.540112},{\"log\":104.685489,\"lat\":31.540107},{\"log\":104.685489,\"lat\":31.540107},{\"log\":104.685489,\"lat\":31.540107},{\"log\":104.685489,\"lat\":31.540107},{\"log\":104.685491,\"lat\":31.540108},{\"log\":104.685491,\"lat\":31.540108},{\"log\":104.685492,\"lat\":31.540105},{\"log\":104.685492,\"lat\":31.540105},{\"log\":104.685492,\"lat\":31.540112},{\"log\":104.685491,\"lat\":31.540108},{\"log\":104.685491,\"lat\":31.540113},{\"log\":104.685492,\"lat\":31.540116},{\"log\":104.685492,\"lat\":31.540116},{\"log\":104.685492,\"lat\":31.540113},{\"log\":104.685493,\"lat\":31.540105},{\"log\":104.685493,\"lat\":31.540105},{\"log\":104.685493,\"lat\":31.540105},{\"log\":104.685491,\"lat\":31.54011},{\"log\":104.685492,\"lat\":31.540113},{\"log\":104.685491,\"lat\":31.540113},{\"log\":104.685491,\"lat\":31.540113},{\"log\":104.685491,\"lat\":31.540113},{\"log\":104.685491,\"lat\":31.540113},{\"log\":104.685491,\"lat\":31.540113},{\"log\":104.685491,\"lat\":31.540109},{\"log\":104.685491,\"lat\":31.540109},{\"log\":104.685491,\"lat\":31.540109},{\"log\":104.685491,\"lat\":31.540109},{\"log\":104.685491,\"lat\":31.540109},{\"log\":104.685491,\"lat\":31.540114},{\"log\":104.685491,\"lat\":31.540114},{\"log\":104.685491,\"lat\":31.540114},{\"log\":104.685491,\"lat\":31.540114},{\"log\":104.685492,\"lat\":31.540103},{\"log\":104.685487,\"lat\":31.540106},{\"log\":104.685487,\"lat\":31.540106},{\"log\":104.685492,\"lat\":31.540106},{\"log\":104.685492,\"lat\":31.540106},{\"log\":104.685492,\"lat\":31.540106},{\"log\":104.685489,\"lat\":31.540099},{\"log\":104.685489,\"lat\":31.540099},{\"log\":104.68549,\"lat\":31.540098},{\"log\":104.68549,\"lat\":31.540098},{\"log\":104.68549,\"lat\":31.540098},{\"log\":104.68549,\"lat\":31.540098},{\"log\":104.68549,\"lat\":31.540098},{\"log\":104.685491,\"lat\":31.540102},{\"log\":104.685491,\"lat\":31.540102},{\"log\":104.685492,\"lat\":31.540104},{\"log\":104.685492,\"lat\":31.540104},{\"log\":104.685489,\"lat\":31.540103},{\"log\":104.685489,\"lat\":31.540103},{\"log\":104.685494,\"lat\":31.540103},{\"log\":104.685494,\"lat\":31.540103},{\"log\":104.685491,\"lat\":31.540111},{\"log\":104.68549,\"lat\":31.540106},{\"log\":104.68549,\"lat\":31.540106},{\"log\":104.68549,\"lat\":31.540106},{\"log\":104.685492,\"lat\":31.540105},{\"log\":104.685493,\"lat\":31.540105},{\"log\":104.685493,\"lat\":31.540105},{\"log\":104.685493,\"lat\":31.540105},{\"log\":104.685493,\"lat\":31.540105},{\"log\":104.685492,\"lat\":31.540104},{\"log\":104.685492,\"lat\":31.540104},{\"log\":104.685492,\"lat\":31.540104},{\"log\":104.685492,\"lat\":31.540104},{\"log\":104.685492,\"lat\":31.540104},{\"log\":104.685492,\"lat\":31.540103},{\"log\":104.685492,\"lat\":31.540103},{\"log\":104.685492,\"lat\":31.540103},{\"log\":104.685492,\"lat\":31.540103},{\"log\":104.685492,\"lat\":31.540103},{\"log\":104.685492,\"lat\":31.540102},{\"log\":104.685492,\"lat\":31.540102},{\"log\":104.685492,\"lat\":31.540102},{\"log\":104.685491,\"lat\":31.540102},{\"log\":104.685491,\"lat\":31.540108},{\"log\":104.685493,\"lat\":31.540109},{\"log\":104.683168,\"lat\":31.537367},{\"log\":104.686898,\"lat\":31.536535},{\"log\":104.686885,\"lat\":31.536541},{\"log\":104.686885,\"lat\":31.536541},{\"log\":104.690175,\"lat\":31.536047},{\"log\":104.688244,\"lat\":31.538135},{\"log\":104.688241,\"lat\":31.538135},{\"log\":104.684981,\"lat\":31.536647},{\"log\":104.684981,\"lat\":31.536647},{\"log\":104.686659,\"lat\":31.537133},{\"log\":104.690136,\"lat\":31.536078},{\"log\":104.690136,\"lat\":31.536078},{\"log\":104.684983,\"lat\":31.536652},{\"log\":104.690193,\"lat\":31.536049},{\"log\":104.686894,\"lat\":31.536536},{\"log\":104.685494,\"lat\":31.540109},{\"log\":104.685494,\"lat\":31.540109},{\"log\":104.685496,\"lat\":31.540112},{\"log\":104.685496,\"lat\":31.540112},{\"log\":104.685495,\"lat\":31.54011},{\"log\":104.685495,\"lat\":31.54011},{\"log\":104.685495,\"lat\":31.54011},{\"log\":104.685495,\"lat\":31.54011},{\"log\":104.685495,\"lat\":31.54011},{\"log\":104.685496,\"lat\":31.5401},{\"log\":104.685496,\"lat\":31.5401},{\"log\":104.685496,\"lat\":31.5401},{\"log\":104.685496,\"lat\":31.5401},{\"log\":104.685496,\"lat\":31.5401},{\"log\":104.685493,\"lat\":31.540112},{\"log\":104.685493,\"lat\":31.540112},{\"log\":104.685493,\"lat\":31.540112},{\"log\":104.685493,\"lat\":31.540112},{\"log\":104.685493,\"lat\":31.540112},{\"log\":104.685493,\"lat\":31.540109},{\"log\":104.685493,\"lat\":31.540109},{\"log\":104.685495,\"lat\":31.540101},{\"log\":104.685495,\"lat\":31.540101},{\"log\":104.685493,\"lat\":31.540109},{\"log\":104.685493,\"lat\":31.540109},{\"log\":104.685493,\"lat\":31.540109},{\"log\":104.685493,\"lat\":31.540109},{\"log\":104.685493,\"lat\":31.540109},{\"log\":104.685494,\"lat\":31.54011},{\"log\":104.685494,\"lat\":31.54011},{\"log\":104.685494,\"lat\":31.540112},{\"log\":104.685494,\"lat\":31.540112},{\"log\":104.685494,\"lat\":31.540112},{\"log\":104.685494,\"lat\":31.540112},{\"log\":104.685494,\"lat\":31.540112},{\"log\":104.685494,\"lat\":31.540112},{\"log\":104.685494,\"lat\":31.540112},{\"log\":104.685494,\"lat\":31.540112},{\"log\":104.685494,\"lat\":31.540112},{\"log\":104.685494,\"lat\":31.540112},{\"log\":104.685494,\"lat\":31.540112},{\"log\":104.685494,\"lat\":31.540112},{\"log\":104.685494,\"lat\":31.540112},{\"log\":104.685494,\"lat\":31.540112},{\"log\":104.685494,\"lat\":31.540112},{\"log\":104.685494,\"lat\":31.540112},{\"log\":104.685494,\"lat\":31.540112},{\"log\":104.685494,\"lat\":31.540112},{\"log\":104.685494,\"lat\":31.540112},{\"log\":104.685494,\"lat\":31.540112},{\"log\":104.685494,\"lat\":31.540112},{\"log\":104.685494,\"lat\":31.540112},{\"log\":104.685494,\"lat\":31.540112},{\"log\":104.685494,\"lat\":31.540112},{\"log\":104.685494,\"lat\":31.540112},{\"log\":104.685494,\"lat\":31.540112},{\"log\":104.685494,\"lat\":31.540112},{\"log\":104.685494,\"lat\":31.540112},{\"log\":104.685496,\"lat\":31.540106},{\"log\":104.685496,\"lat\":31.540106},{\"log\":104.685496,\"lat\":31.540106},{\"log\":104.685496,\"lat\":31.540106},{\"log\":104.685496,\"lat\":31.540106},{\"log\":104.685496,\"lat\":31.540106},{\"log\":104.685496,\"lat\":31.540106},{\"log\":104.685496,\"lat\":31.540106},{\"log\":104.685496,\"lat\":31.540106},{\"log\":104.685496,\"lat\":31.540106},{\"log\":104.685496,\"lat\":31.540106},{\"log\":104.685496,\"lat\":31.540106},{\"log\":104.685496,\"lat\":31.540106},{\"log\":104.685496,\"lat\":31.540106},{\"log\":104.685496,\"lat\":31.540106},{\"log\":104.685496,\"lat\":31.540106},{\"log\":104.685496,\"lat\":31.540106},{\"log\":104.685496,\"lat\":31.540106},{\"log\":104.685496,\"lat\":31.540106},{\"log\":104.685496,\"lat\":31.540106},{\"log\":104.685496,\"lat\":31.540106},{\"log\":104.685496,\"lat\":31.540106},{\"log\":104.685496,\"lat\":31.540106},{\"log\":104.685496,\"lat\":31.540106},{\"log\":104.685496,\"lat\":31.540106},{\"log\":104.685496,\"lat\":31.540106},{\"log\":104.685496,\"lat\":31.540106},{\"log\":104.685496,\"lat\":31.540106},{\"log\":104.685496,\"lat\":31.540106},{\"log\":104.685495,\"lat\":31.54011},{\"log\":104.685495,\"lat\":31.54011},{\"log\":104.685495,\"lat\":31.54011},{\"log\":104.685495,\"lat\":31.54011},{\"log\":104.685495,\"lat\":31.54011},{\"log\":104.685495,\"lat\":31.54011},{\"log\":104.685495,\"lat\":31.54011},{\"log\":104.685495,\"lat\":31.54011},{\"log\":104.685495,\"lat\":31.54011},{\"log\":104.685495,\"lat\":31.54011},{\"log\":104.685495,\"lat\":31.54011},{\"log\":104.685495,\"lat\":31.54011},{\"log\":104.685495,\"lat\":31.54011},{\"log\":104.685495,\"lat\":31.54011},{\"log\":104.685495,\"lat\":31.54011},{\"log\":104.685495,\"lat\":31.54011},{\"log\":104.685495,\"lat\":31.54011},{\"log\":104.685495,\"lat\":31.54011},{\"log\":104.685495,\"lat\":31.54011},{\"log\":104.685495,\"lat\":31.54011},{\"log\":104.685495,\"lat\":31.54011},{\"log\":104.685495,\"lat\":31.54011},{\"log\":104.685495,\"lat\":31.54011},{\"log\":104.685495,\"lat\":31.54011},{\"log\":104.685495,\"lat\":31.54011},{\"log\":104.685495,\"lat\":31.54011},{\"log\":104.685495,\"lat\":31.54011},{\"log\":104.685495,\"lat\":31.54011},{\"log\":104.685495,\"lat\":31.54011},{\"log\":104.685495,\"lat\":31.54011},{\"log\":104.685494,\"lat\":31.540109},{\"log\":104.685494,\"lat\":31.540105},{\"log\":104.685494,\"lat\":31.540108},{\"log\":104.685493,\"lat\":31.540102},{\"log\":104.685493,\"lat\":31.540102},{\"log\":104.685493,\"lat\":31.540102},{\"log\":104.685493,\"lat\":31.540103},{\"log\":104.685493,\"lat\":31.540103},{\"log\":104.685495,\"lat\":31.540109},{\"log\":104.685494,\"lat\":31.540107},{\"log\":104.685494,\"lat\":31.540107},{\"log\":104.685494,\"lat\":31.540107},{\"log\":104.685494,\"lat\":31.540107},{\"log\":104.685493,\"lat\":31.540105},{\"log\":104.685493,\"lat\":31.540105},{\"log\":104.685495,\"lat\":31.540107},{\"log\":104.685496,\"lat\":31.540109},{\"log\":104.685497,\"lat\":31.540106},{\"log\":104.685497,\"lat\":31.540106},{\"log\":104.685497,\"lat\":31.540106},{\"log\":104.685497,\"lat\":31.540106},{\"log\":104.685497,\"lat\":31.540106},{\"log\":104.685497,\"lat\":31.540106},{\"log\":104.685497,\"lat\":31.540106},{\"log\":104.685497,\"lat\":31.540106},{\"log\":104.685497,\"lat\":31.540106},{\"log\":104.685497,\"lat\":31.540106},{\"log\":104.685497,\"lat\":31.540106},{\"log\":104.685497,\"lat\":31.540106},{\"log\":104.685497,\"lat\":31.540106},{\"log\":104.685497,\"lat\":31.540106},{\"log\":104.685497,\"lat\":31.540106},{\"log\":104.685497,\"lat\":31.540106},{\"log\":104.685497,\"lat\":31.540106},{\"log\":104.685497,\"lat\":31.540106},{\"log\":104.685497,\"lat\":31.540106},{\"log\":104.685497,\"lat\":31.540106},{\"log\":104.685497,\"lat\":31.540106},{\"log\":104.685497,\"lat\":31.540106},{\"log\":104.685497,\"lat\":31.540106},{\"log\":104.685497,\"lat\":31.540106},{\"log\":104.685497,\"lat\":31.540106},{\"log\":104.685497,\"lat\":31.540106},{\"log\":104.685497,\"lat\":31.540106},{\"log\":104.685497,\"lat\":31.540106},{\"log\":104.685497,\"lat\":31.540106},{\"log\":104.685497,\"lat\":31.540106},{\"log\":104.685497,\"lat\":31.540106},{\"log\":104.685498,\"lat\":31.540106},{\"log\":104.685497,\"lat\":31.540103},{\"log\":104.685499,\"lat\":31.540097},{\"log\":104.685497,\"lat\":31.540105},{\"log\":104.685497,\"lat\":31.540103},{\"log\":104.685497,\"lat\":31.540103},{\"log\":104.685499,\"lat\":31.540103},{\"log\":104.685499,\"lat\":31.540103},{\"log\":104.685494,\"lat\":31.540104},{\"log\":104.685497,\"lat\":31.540102},{\"log\":104.685498,\"lat\":31.540104},{\"log\":104.685498,\"lat\":31.540104},{\"log\":104.685498,\"lat\":31.540104},{\"log\":104.685498,\"lat\":31.540102},{\"log\":104.685498,\"lat\":31.540102},{\"log\":104.685498,\"lat\":31.540102},{\"log\":104.685497,\"lat\":31.540107},{\"log\":104.685497,\"lat\":31.540107},{\"log\":104.685498,\"lat\":31.540114},{\"log\":104.685498,\"lat\":31.540114},{\"log\":104.685498,\"lat\":31.540111},{\"log\":104.685498,\"lat\":31.540111},{\"log\":104.685498,\"lat\":31.540111},{\"log\":104.685496,\"lat\":31.540104},{\"log\":104.685496,\"lat\":31.540104},{\"log\":104.685496,\"lat\":31.540104},{\"log\":104.685495,\"lat\":31.540111},{\"log\":104.685495,\"lat\":31.540111},{\"log\":104.685498,\"lat\":31.540105},{\"log\":104.685498,\"lat\":31.540105},{\"log\":104.685498,\"lat\":31.540103},{\"log\":104.685498,\"lat\":31.540103},{\"log\":104.685498,\"lat\":31.540103},{\"log\":104.685498,\"lat\":31.540103},{\"log\":104.685498,\"lat\":31.540103},{\"log\":104.685498,\"lat\":31.540103},{\"log\":104.685498,\"lat\":31.540103},{\"log\":104.685498,\"lat\":31.540107},{\"log\":104.685497,\"lat\":31.540109},{\"log\":104.685497,\"lat\":31.540109},{\"log\":104.685497,\"lat\":31.540108},{\"log\":104.685497,\"lat\":31.540108},{\"log\":104.685497,\"lat\":31.540109},{\"log\":104.685499,\"lat\":31.540104},{\"log\":104.685497,\"lat\":31.540112},{\"log\":104.685497,\"lat\":31.540112},{\"log\":104.685497,\"lat\":31.540112},{\"log\":104.685497,\"lat\":31.540112},{\"log\":104.685497,\"lat\":31.540112},{\"log\":104.685497,\"lat\":31.540106},{\"log\":104.685497,\"lat\":31.540106},{\"log\":104.685498,\"lat\":31.540108},{\"log\":104.685498,\"lat\":31.540108},{\"log\":104.685495,\"lat\":31.540106},{\"log\":104.685495,\"lat\":31.540106},{\"log\":104.685495,\"lat\":31.540106},{\"log\":104.685495,\"lat\":31.540106},{\"log\":104.685498,\"lat\":31.540102},{\"log\":104.685498,\"lat\":31.540102},{\"log\":104.685498,\"lat\":31.540102},{\"log\":104.685498,\"lat\":31.540102},{\"log\":104.685498,\"lat\":31.540102},{\"log\":104.685497,\"lat\":31.540106},{\"log\":104.685498,\"lat\":31.540111},{\"log\":104.685498,\"lat\":31.540111},{\"log\":104.685498,\"lat\":31.540111},{\"log\":104.685498,\"lat\":31.5401},{\"log\":104.685498,\"lat\":31.5401},{\"log\":104.685498,\"lat\":31.540103},{\"log\":104.685497,\"lat\":31.540114},{\"log\":104.685497,\"lat\":31.540109},{\"log\":104.685497,\"lat\":31.540109},{\"log\":104.685497,\"lat\":31.540109},{\"log\":104.685497,\"lat\":31.540109},{\"log\":104.685497,\"lat\":31.540109},{\"log\":104.685497,\"lat\":31.540109},{\"log\":104.685497,\"lat\":31.540109},{\"log\":104.685497,\"lat\":31.540109},{\"log\":104.685497,\"lat\":31.540109},{\"log\":104.685497,\"lat\":31.540109},{\"log\":104.685497,\"lat\":31.540109},{\"log\":104.685497,\"lat\":31.540109},{\"log\":104.685497,\"lat\":31.540109},{\"log\":104.685497,\"lat\":31.540109},{\"log\":104.685497,\"lat\":31.540109},{\"log\":104.685497,\"lat\":31.540109},{\"log\":104.685497,\"lat\":31.540109},{\"log\":104.685497,\"lat\":31.540109},{\"log\":104.685497,\"lat\":31.540109},{\"log\":104.685497,\"lat\":31.540109},{\"log\":104.685497,\"lat\":31.540109},{\"log\":104.685497,\"lat\":31.540109},{\"log\":104.685497,\"lat\":31.540109},{\"log\":104.685497,\"lat\":31.540109},{\"log\":104.685497,\"lat\":31.540109},{\"log\":104.685497,\"lat\":31.540109},{\"log\":104.685497,\"lat\":31.540109},{\"log\":104.685497,\"lat\":31.540109},{\"log\":104.685497,\"lat\":31.540109},{\"log\":104.685497,\"lat\":31.540109},{\"log\":104.685497,\"lat\":31.540109},{\"log\":104.685497,\"lat\":31.540109},{\"log\":104.685497,\"lat\":31.540099},{\"log\":104.685497,\"lat\":31.540099},{\"log\":104.685497,\"lat\":31.540099},{\"log\":104.685497,\"lat\":31.540099},{\"log\":104.685499,\"lat\":31.540105},{\"log\":104.685499,\"lat\":31.540105},{\"log\":104.685498,\"lat\":31.540102},{\"log\":104.685498,\"lat\":31.540102},{\"log\":104.685498,\"lat\":31.540102},{\"log\":104.685497,\"lat\":31.540103},{\"log\":104.685497,\"lat\":31.540103},{\"log\":104.685497,\"lat\":31.540103},{\"log\":104.685497,\"lat\":31.540103},{\"log\":104.685498,\"lat\":31.540105},{\"log\":104.685498,\"lat\":31.540105},{\"log\":104.685498,\"lat\":31.540105},{\"log\":104.685498,\"lat\":31.540105},{\"log\":104.685498,\"lat\":31.540105},{\"log\":104.685497,\"lat\":31.540101},{\"log\":104.685497,\"lat\":31.540101},{\"log\":104.685497,\"lat\":31.540101},{\"log\":104.685497,\"lat\":31.540101},{\"log\":104.685497,\"lat\":31.540101},{\"log\":104.685498,\"lat\":31.540099},{\"log\":104.685498,\"lat\":31.540099},{\"log\":104.685495,\"lat\":31.540102},{\"log\":104.685495,\"lat\":31.540102},{\"log\":104.685495,\"lat\":31.540102},{\"log\":104.685495,\"lat\":31.540102},{\"log\":104.685495,\"lat\":31.540102},{\"log\":104.685499,\"lat\":31.540102},{\"log\":104.685499,\"lat\":31.54011},{\"log\":104.685499,\"lat\":31.54011},{\"log\":104.685499,\"lat\":31.54011},{\"log\":104.685497,\"lat\":31.540109},{\"log\":104.685499,\"lat\":31.540106},{\"log\":104.685499,\"lat\":31.540106},{\"log\":104.685499,\"lat\":31.540106},{\"log\":104.685499,\"lat\":31.540106},{\"log\":104.685499,\"lat\":31.540106},{\"log\":104.685498,\"lat\":31.540108},{\"log\":104.685498,\"lat\":31.540108},{\"log\":104.685498,\"lat\":31.540108},{\"log\":104.685498,\"lat\":31.540105},{\"log\":104.685499,\"lat\":31.540113}]}', 'undefined');
INSERT INTO `location` VALUES (22, 'T001', '2019-06-13 00:01:29.000000', '{\"count\":27,\"location\":[{\"log\":104.6885,\"lat\":31.5421},{\"log\":104.685496,\"lat\":31.540108},{\"log\":104.685496,\"lat\":31.540108},{\"log\":104.685496,\"lat\":31.540106},{\"log\":104.685497,\"lat\":31.540098},{\"log\":104.685497,\"lat\":31.540098},{\"log\":104.6855,\"lat\":31.540105},{\"log\":104.685511,\"lat\":31.5401},{\"log\":104.685511,\"lat\":31.5401},{\"log\":104.685511,\"lat\":31.5401},{\"log\":104.685511,\"lat\":31.5401},{\"log\":104.685511,\"lat\":31.5401},{\"log\":104.685511,\"lat\":31.5401},{\"log\":104.685511,\"lat\":31.5401},{\"log\":104.685511,\"lat\":31.5401},{\"log\":104.685511,\"lat\":31.5401},{\"log\":104.685511,\"lat\":31.5401},{\"log\":104.685511,\"lat\":31.5401},{\"log\":104.685511,\"lat\":31.5401},{\"log\":104.685511,\"lat\":31.5401},{\"log\":104.685511,\"lat\":31.5401},{\"log\":104.685511,\"lat\":31.5401},{\"log\":104.685511,\"lat\":31.5401},{\"log\":104.685511,\"lat\":31.5401},{\"log\":104.685511,\"lat\":31.5401},{\"log\":104.685511,\"lat\":31.5401},{\"log\":104.685509,\"lat\":31.540094}]}', '3');
INSERT INTO `location` VALUES (23, '5120160005', '2019-06-13 12:15:06.000000', '{\"count\":7,\"location\":[{\"log\":104.6855,\"lat\":31.5401},{\"log\":104.655496,\"lat\":31.550108},{\"log\":104.615496,\"lat\":31.52108},{\"log\":104.675496,\"lat\":31.531106},{\"log\":104.635497,\"lat\":31.85098},{\"log\":104.695497,\"lat\":31.525098},{\"log\":104.6655,\"lat\":31.362105}]}', '3');
INSERT INTO `location` VALUES (24, 'T001', '2019-06-13 13:28:24.000000', '{\"count\":177,\"location\":[{\"log\":104.685497,\"lat\":31.5401},{\"log\":104.685497,\"lat\":31.540112},{\"log\":104.685756,\"lat\":31.540208},{\"log\":104.685497,\"lat\":31.540102},{\"log\":104.685497,\"lat\":31.540102},{\"log\":104.6855,\"lat\":31.540102},{\"log\":104.685498,\"lat\":31.540101},{\"log\":104.685498,\"lat\":31.540101},{\"log\":104.685498,\"lat\":31.540101},{\"log\":104.6855,\"lat\":31.540111},{\"log\":104.6855,\"lat\":31.540111},{\"log\":104.685499,\"lat\":31.540103},{\"log\":104.685499,\"lat\":31.540103},{\"log\":104.685499,\"lat\":31.540103},{\"log\":104.685499,\"lat\":31.540103},{\"log\":104.6855,\"lat\":31.540101},{\"log\":104.6855,\"lat\":31.540101},{\"log\":104.6855,\"lat\":31.540098},{\"log\":104.701186,\"lat\":31.541215},{\"log\":104.69858,\"lat\":31.540357},{\"log\":104.69858,\"lat\":31.540357},{\"log\":104.70206,\"lat\":31.539692},{\"log\":104.69858,\"lat\":31.540382},{\"log\":104.69858,\"lat\":31.540382},{\"log\":104.698568,\"lat\":31.540346},{\"log\":104.698587,\"lat\":31.540291},{\"log\":104.698587,\"lat\":31.540291},{\"log\":104.698587,\"lat\":31.540291},{\"log\":104.698565,\"lat\":31.540263},{\"log\":104.694747,\"lat\":31.523808},{\"log\":104.698554,\"lat\":31.540339},{\"log\":104.698554,\"lat\":31.540339},{\"log\":104.698554,\"lat\":31.540339},{\"log\":104.703884,\"lat\":31.538227},{\"log\":104.703881,\"lat\":31.538194},{\"log\":104.698585,\"lat\":31.5403},{\"log\":104.703881,\"lat\":31.53826},{\"log\":104.703881,\"lat\":31.53826},{\"log\":104.703886,\"lat\":31.538213},{\"log\":104.703886,\"lat\":31.538213},{\"log\":104.703875,\"lat\":31.53827},{\"log\":104.703886,\"lat\":31.53823},{\"log\":104.703885,\"lat\":31.538255},{\"log\":104.701893,\"lat\":31.536634},{\"log\":104.700312,\"lat\":31.534299},{\"log\":104.700312,\"lat\":31.534299},{\"log\":104.7039,\"lat\":31.52513},{\"log\":104.703786,\"lat\":31.538233},{\"log\":104.703786,\"lat\":31.538233},{\"log\":104.703786,\"lat\":31.538233},{\"log\":104.703785,\"lat\":31.538245},{\"log\":104.702143,\"lat\":31.533528},{\"log\":104.702127,\"lat\":31.533536},{\"log\":104.702118,\"lat\":31.533539},{\"log\":104.702118,\"lat\":31.533539},{\"log\":104.698493,\"lat\":31.535101},{\"log\":104.702161,\"lat\":31.533524},{\"log\":104.70033,\"lat\":31.533011},{\"log\":104.70033,\"lat\":31.533003},{\"log\":104.70033,\"lat\":31.533003},{\"log\":104.70033,\"lat\":31.533003},{\"log\":104.700329,\"lat\":31.533003},{\"log\":104.70033,\"lat\":31.533002},{\"log\":104.700329,\"lat\":31.533011},{\"log\":104.700329,\"lat\":31.533011},{\"log\":104.700303,\"lat\":31.534172},{\"log\":104.700329,\"lat\":31.532968},{\"log\":104.700329,\"lat\":31.532968},{\"log\":104.698563,\"lat\":31.540248},{\"log\":104.698562,\"lat\":31.540225},{\"log\":104.698562,\"lat\":31.540225},{\"log\":104.698559,\"lat\":31.540341},{\"log\":104.698559,\"lat\":31.540242},{\"log\":104.698559,\"lat\":31.540242},{\"log\":104.698559,\"lat\":31.540242},{\"log\":104.696684,\"lat\":31.523609},{\"log\":104.696684,\"lat\":31.52361},{\"log\":104.696684,\"lat\":31.52361},{\"log\":104.696684,\"lat\":31.523607},{\"log\":104.698545,\"lat\":31.540106},{\"log\":104.696684,\"lat\":31.523607},{\"log\":104.698552,\"lat\":31.540116},{\"log\":104.685498,\"lat\":31.540112},{\"log\":104.685498,\"lat\":31.540103},{\"log\":104.6855,\"lat\":31.540101},{\"log\":104.6855,\"lat\":31.540101},{\"log\":104.6855,\"lat\":31.540101},{\"log\":104.685501,\"lat\":31.540103},{\"log\":104.685501,\"lat\":31.540103},{\"log\":104.685501,\"lat\":31.540103},{\"log\":104.685501,\"lat\":31.540103},{\"log\":104.685501,\"lat\":31.540103},{\"log\":104.685499,\"lat\":31.540101},{\"log\":104.685499,\"lat\":31.54011},{\"log\":104.685499,\"lat\":31.54011},{\"log\":104.685499,\"lat\":31.54011},{\"log\":104.6855,\"lat\":31.540098},{\"log\":104.6855,\"lat\":31.540098},{\"log\":104.6855,\"lat\":31.540098},{\"log\":104.6855,\"lat\":31.540098},{\"log\":104.685498,\"lat\":31.540108},{\"log\":104.685498,\"lat\":31.540108},{\"log\":104.685498,\"lat\":31.540108},{\"log\":104.685498,\"lat\":31.540108},{\"log\":104.685498,\"lat\":31.540108},{\"log\":104.685499,\"lat\":31.540112},{\"log\":104.685499,\"lat\":31.540112},{\"log\":104.685501,\"lat\":31.540108},{\"log\":104.685501,\"lat\":31.540108},{\"log\":104.685501,\"lat\":31.540108},{\"log\":104.685501,\"lat\":31.540108},{\"log\":104.685499,\"lat\":31.540103},{\"log\":104.685499,\"lat\":31.540115},{\"log\":104.685499,\"lat\":31.540115},{\"log\":104.685499,\"lat\":31.540106},{\"log\":104.685499,\"lat\":31.540112},{\"log\":104.6855,\"lat\":31.540115},{\"log\":104.6855,\"lat\":31.540115},{\"log\":104.6855,\"lat\":31.540115},{\"log\":104.6855,\"lat\":31.540115},{\"log\":104.685499,\"lat\":31.540105},{\"log\":104.685499,\"lat\":31.540105},{\"log\":104.685499,\"lat\":31.540106},{\"log\":104.685501,\"lat\":31.540116},{\"log\":104.685501,\"lat\":31.540116},{\"log\":104.685501,\"lat\":31.540116},{\"log\":104.6855,\"lat\":31.540105},{\"log\":104.6855,\"lat\":31.540105},{\"log\":104.6855,\"lat\":31.540105},{\"log\":104.685501,\"lat\":31.540108},{\"log\":104.685501,\"lat\":31.540108},{\"log\":104.685499,\"lat\":31.540115},{\"log\":104.685499,\"lat\":31.540115},{\"log\":104.685499,\"lat\":31.540113},{\"log\":104.685499,\"lat\":31.540113},{\"log\":104.6855,\"lat\":31.540102},{\"log\":104.6855,\"lat\":31.540102},{\"log\":104.6855,\"lat\":31.540106},{\"log\":104.6855,\"lat\":31.540106},{\"log\":104.685499,\"lat\":31.540105},{\"log\":104.685499,\"lat\":31.540105},{\"log\":104.685499,\"lat\":31.540105},{\"log\":104.685499,\"lat\":31.540103},{\"log\":104.685499,\"lat\":31.540103},{\"log\":104.685499,\"lat\":31.540103},{\"log\":104.685499,\"lat\":31.540103},{\"log\":104.685499,\"lat\":31.540103},{\"log\":104.685499,\"lat\":31.540116},{\"log\":104.685499,\"lat\":31.540115},{\"log\":104.685499,\"lat\":31.540115},{\"log\":104.685499,\"lat\":31.540115},{\"log\":104.685499,\"lat\":31.540115},{\"log\":104.685499,\"lat\":31.540106},{\"log\":104.685499,\"lat\":31.540106},{\"log\":104.685499,\"lat\":31.540106},{\"log\":104.685499,\"lat\":31.540106},{\"log\":104.685499,\"lat\":31.540107},{\"log\":104.685499,\"lat\":31.540107},{\"log\":104.685499,\"lat\":31.540106},{\"log\":104.685499,\"lat\":31.540106},{\"log\":104.685499,\"lat\":31.540106},{\"log\":104.685499,\"lat\":31.540106},{\"log\":104.685502,\"lat\":31.540104},{\"log\":104.685502,\"lat\":31.540106},{\"log\":104.685507,\"lat\":31.540098},{\"log\":104.685506,\"lat\":31.540094},{\"log\":104.685505,\"lat\":31.540114},{\"log\":104.685507,\"lat\":31.540103},{\"log\":104.685926,\"lat\":31.540125},{\"log\":104.685728,\"lat\":31.540163},{\"log\":104.685926,\"lat\":31.54016},{\"log\":104.685511,\"lat\":31.540111},{\"log\":104.685926,\"lat\":31.54016},{\"log\":104.685511,\"lat\":31.540111},{\"log\":104.685507,\"lat\":31.540103},{\"log\":104.685926,\"lat\":31.54016},{\"log\":104.685504,\"lat\":31.540122}]}', 'undefined');
INSERT INTO `location` VALUES (25, '5120160007', NULL, '{\"count\":2,\"location\":[{\"log\":104.661494,\"lat\":31.5101},{\"log\":104.642494,\"lat\":31.5401}]}', '3');
INSERT INTO `location` VALUES (26, '5120160008', NULL, '{\"count\":2,\"location\":[{\"log\":104.665494,\"lat\":31.5151},{\"log\":104.642494,\"lat\":31.5401}]}', '3');
INSERT INTO `location` VALUES (27, '5120160009', NULL, '{\"count\":2,\"location\":[{\"log\":104.62,\"lat\":31.54},{\"log\":104.642494,\"lat\":31.5401}]}', '3');
INSERT INTO `location` VALUES (28, '5120160010', NULL, '{\"count\":2,\"location\":[{\"log\":104.6920,\"lat\":31.5111},{\"log\":104.642494,\"lat\":31.5401}]}', '3');
INSERT INTO `location` VALUES (29, '5120160011', NULL, '{\"count\":2,\"location\":[{\"log\":104.6920,\"lat\":31.535},{\"log\":104.642494,\"lat\":31.5401}]}', '3');
INSERT INTO `location` VALUES (30, '5120160012', NULL, '{\"count\":2,\"location\":[{\"log\":104.6990,\"lat\":31.00},{\"log\":104.642494,\"lat\":31.5401}]}', '3');
INSERT INTO `location` VALUES (31, '5120160013', NULL, '{\"count\":2,\"location\":[{\"log\":104.63330,\"lat\":31.20},{\"log\":104.642494,\"lat\":31.5401}]}', '3');
INSERT INTO `location` VALUES (32, '5120160014', NULL, '{\"count\":2,\"location\":[{\"log\":104.63530,\"lat\":31.30},{\"log\":104.642494,\"lat\":31.5401}]}', '3');
INSERT INTO `location` VALUES (33, '5120160015', NULL, '{\"count\":2,\"location\":[{\"log\":104.67530,\"lat\":31.555},{\"log\":104.642494,\"lat\":31.5401}]}', '3');
INSERT INTO `location` VALUES (34, '5120160016', NULL, '{\"count\":2,\"location\":[{\"log\":104.67530,\"lat\":31.525},{\"log\":104.642494,\"lat\":31.5401}]}', '3');
INSERT INTO `location` VALUES (35, '5120160017', NULL, '{\"count\":2,\"location\":[{\"log\":104.6740,\"lat\":31.535},{\"log\":104.642494,\"lat\":31.5401}]}', '3');
INSERT INTO `location` VALUES (36, '5120160018', NULL, '{\"count\":2,\"location\":[{\"log\":104.6540,\"lat\":31.55},{\"log\":104.642494,\"lat\":31.5401}]}', '3');
INSERT INTO `location` VALUES (37, '5120160019', NULL, '{\"count\":2,\"location\":[{\"log\":104.6940,\"lat\":31.55},{\"log\":104.642494,\"lat\":31.5401}]}', '3');
INSERT INTO `location` VALUES (38, '5120160020', NULL, '{\"count\":2,\"location\":[{\"log\":104.65240,\"lat\":31.563},{\"log\":104.642494,\"lat\":31.5401}]}', '3');
INSERT INTO `location` VALUES (39, '5120160021', NULL, '{\"count\":2,\"location\":[{\"log\":104.65840,\"lat\":31.565},{\"log\":104.642494,\"lat\":31.5401}]}', '3');
INSERT INTO `location` VALUES (40, '5120160022', NULL, '{\"count\":2,\"location\":[{\"log\":104.62440,\"lat\":31.570},{\"log\":104.642494,\"lat\":31.5401}]}', '3');
INSERT INTO `location` VALUES (41, '5120160023', NULL, '{\"count\":2,\"location\":[{\"log\":104.6440,\"lat\":31.570},{\"log\":104.642494,\"lat\":31.5401}]}', '3');
INSERT INTO `location` VALUES (42, '5120160024', NULL, '{\"count\":2,\"location\":[{\"log\":104.64980,\"lat\":31.570},{\"log\":104.642494,\"lat\":31.5401}]}', '3');
INSERT INTO `location` VALUES (43, '5120160025', NULL, '{\"count\":2,\"location\":[{\"log\":104.64980,\"lat\":31.5550},{\"log\":104.642494,\"lat\":31.5401}]}', '3');

-- ----------------------------
-- Table structure for studentinfo
-- ----------------------------
DROP TABLE IF EXISTS `studentinfo`;
CREATE TABLE `studentinfo`  (
  `UserId` varchar(12) CHARACTER SET utf8 COLLATE utf8_general_ci NOT NULL COMMENT '学生学号',
  `Name` varchar(10) CHARACTER SET utf8 COLLATE utf8_general_ci NOT NULL COMMENT '真实姓名',
  `Password` varchar(20) CHARACTER SET utf8 COLLATE utf8_general_ci NOT NULL,
  `NickName` varchar(20) CHARACTER SET utf8 COLLATE utf8_general_ci NOT NULL,
  `Icon` varchar(255) CHARACTER SET utf8 COLLATE utf8_general_ci NOT NULL,
  `Class` varchar(255) CHARACTER SET utf8 COLLATE utf8_general_ci NOT NULL,
  `Role` int(5) NOT NULL,
  PRIMARY KEY (`UserId`) USING BTREE
) ENGINE = InnoDB CHARACTER SET = utf8 COLLATE = utf8_general_ci ROW_FORMAT = Dynamic;

-- ----------------------------
-- Records of studentinfo
-- ----------------------------
INSERT INTO `studentinfo` VALUES ('5120160000', 'user000', '123', 'admin', 'https://timgsa.baidu.com/timg?image&quality=80&size=b9999_10000&sec=1559384196495&di=3c72b90315c4a07e7bd024ee6e2233c0&imgtype=0&src=http%3A%2F%2Fi9.hexunimg.cn%2F2013-07-05%2F155842064.jpg', '地信1603', 0);
INSERT INTO `studentinfo` VALUES ('5120160001', 'user001', '123', 'sb', 'https://timgsa.baidu.com/timg?image&quality=80&size=b9999_10000&sec=1559384196489&di=89acc57bb6c577d13c3270718d888e79&imgtype=0&src=http%3A%2F%2Fhbimg.b0.upaiyun.com%2F16880e1f05dc8807c3e5336d1d8eb4eeeb6130ac3423e-xa0xnN_fw658', '地信1603', 0);
INSERT INTO `studentinfo` VALUES ('5120160002', 'user002', '123', 'sb', 'https://timgsa.baidu.com/timg?image&quality=80&size=b9999_10000&sec=1559384240067&di=8636ace4214c96c3e6eb817e99e97ee5&imgtype=0&src=http%3A%2F%2Fimg8.zol.com.cn%2Fbbs%2Fupload%2F23766%2F23765836.jpg', '地信1603', 0);
INSERT INTO `studentinfo` VALUES ('5120160003', 'user003', '123', 'sb', 'https://timgsa.baidu.com/timg?image&quality=80&size=b9999_10000&sec=1559384240065&di=4b7d4f208189328f09bb0ea31bee00b3&imgtype=0&src=http%3A%2F%2Fpic1.nipic.com%2F2008-09-02%2F200892181925454_2.jpg', '地信1603', 0);
INSERT INTO `studentinfo` VALUES ('5120160004', 'user004', '123', 'sb', 'https://timgsa.baidu.com/timg?image&quality=80&size=b9999_10000&sec=1559384240061&di=43a124d544802be5684eebf87a660479&imgtype=0&src=http%3A%2F%2Fs2.sinaimg.cn%2Fmw690%2F006hikKrzy7sly9c7wR41%26690', '地信1603', 0);
INSERT INTO `studentinfo` VALUES ('5120160005', 'user005', '123', 'nickname', 'https://timgsa.baidu.com/timg?image&quality=80&size=b9999_10000&sec=1559384240060&di=9e1733f947747d9fcb416b7ff0e967bc&imgtype=0&src=http%3A%2F%2Fpic27.nipic.com%2F20130313%2F10359352_100646435000_2.jpg', '地信1603', 0);
INSERT INTO `studentinfo` VALUES ('5120160006', 'user006', '123', 'nickname', 'https://timgsa.baidu.com/timg?image&quality=80&size=b9999_10000&sec=1559384334725&di=94b0b1d307e043592f4b80dc411e377a&imgtype=0&src=http%3A%2F%2Fimg.mp.itc.cn%2Fupload%2F20160329%2F2a8b875df7674bac8b3c5be74ea8f52e_th.jpg', '地信1603', 0);
INSERT INTO `studentinfo` VALUES ('5120160007', 'user007', '123', 'nickname', 'https://timgsa.baidu.com/timg?image&quality=80&size=b9999_10000&sec=1558546245284&di=38f27b13fdf6f6940fd6fa2be952c38e&imgtype=0&src=http%3A%2F%2Fphoto.16pic.com%2F00%2F47%2F87%2F16pic_4787818_b.jpg', '地信1603', 0);
INSERT INTO `studentinfo` VALUES ('5120160008', 'user008', '123', 'nickname', 'https://timgsa.baidu.com/timg?image&quality=80&size=b9999_10000&sec=1559384396348&di=f5878b71e1077480632e56128198bce8&imgtype=0&src=http%3A%2F%2Fpic.chinaxinge.com%2Fxinge%2Fphoto%2Fupload%2Fshopimg%2Fbig2%2F201606%2FH46154182107.jpg', '地信1603', 0);
INSERT INTO `studentinfo` VALUES ('5120160009', 'user009', '123', 'nickname', 'https://timgsa.baidu.com/timg?image&quality=80&size=b9999_10000&sec=1559384396348&di=31bd7432d5ae5b021596e325268e53a1&imgtype=0&src=http%3A%2F%2Fhbimg.b0.upaiyun.com%2F437658f08a68e1d24ea512b48b4a8cb7d808f3de25148-uBjU7Q_fw658', '地信1603', 0);
INSERT INTO `studentinfo` VALUES ('5120160010', 'user010', '123', 'nickname', 'https://timgsa.baidu.com/timg?image&quality=80&size=b9999_10000&sec=1559384396347&di=26a760ffe40388bd68013c0b370d540c&imgtype=0&src=http%3A%2F%2Ffile06.16sucai.com%2F2016%2F0401%2Ffb9155ba45c860eaaf457a9c29356aea.jpg', '地信1603', 0);
INSERT INTO `studentinfo` VALUES ('5120160011', 'user011', '123', 'nickname', 'http://k.zol-img.com.cn/sjbbs/7692/a7691515_s.jpg', '地信1603', 0);
INSERT INTO `studentinfo` VALUES ('5120160012', 'user012', '123', 'nickname', 'http://pic15.nipic.com/20110628/1369025_192645024000_2.jpg', '地信1603', 0);
INSERT INTO `studentinfo` VALUES ('5120160013', 'user013', '123', 'nickname', 'http://pic37.nipic.com/20140110/17563091_221827492154_2.jpg', '地信1603', 0);
INSERT INTO `studentinfo` VALUES ('5120160014', 'user014', '123', 'nickname', 'http://pic1.nipic.com/2009-02-17/200921701719614_2.jpg', '地信1603', 0);
INSERT INTO `studentinfo` VALUES ('5120160015', 'user015', '123', 'nickname', 'http://pic9.nipic.com/20100923/2531170_140325352643_2.jpg', '地信1603', 0);
INSERT INTO `studentinfo` VALUES ('5120160016', 'user016', '123', 'nickname', 'http://img3.redocn.com/tupian/20150312/haixinghezhenzhubeikeshiliangbeijing_3937174.jpg', '地信1603', 0);
INSERT INTO `studentinfo` VALUES ('5120160017', 'user017', '123', 'nickname', 'http://pic32.nipic.com/20130902/13395269_103525238102_2.jpg', '地信1603', 0);
INSERT INTO `studentinfo` VALUES ('5120160018', 'user018', '123', 'nickname', 'http://pic25.nipic.com/20121205/10197997_003647426000_2.jpg', '地信1603', 0);
INSERT INTO `studentinfo` VALUES ('5120160019', 'user019', '123', 'nickname', 'http://pic40.nipic.com/20140331/9469669_142840860000_2.jpg', '地信1603', 0);
INSERT INTO `studentinfo` VALUES ('5120160020', 'user020', '123', 'nickname', 'http://pic18.nipic.com/20120204/8339340_144203764154_2.jpg', '地信1603', 0);
INSERT INTO `studentinfo` VALUES ('5120160021', 'user21', '123', '胜多负少', 'https://ss3.bdstatic.com/70cFv8Sh_Q1YnxGkpoWK1HF6hhy/it/u=2363037083,4182949652&fm=27&gp=0.jpg', '地信1603', 0);
INSERT INTO `studentinfo` VALUES ('5120160022', 'user22', '123', '撒的', 'https://ss0.bdstatic.com/70cFvHSh_Q1YnxGkpoWK1HF6hhy/it/u=1519175636,579560806&fm=27&gp=0.jpg', '地信1603', 0);
INSERT INTO `studentinfo` VALUES ('5120160023', 'user23', '123', '飒飒', 'https://ss1.bdstatic.com/70cFvXSh_Q1YnxGkpoWK1HF6hhy/it/u=1483033257,4287748004&fm=27&gp=0.jpg', '地信1603', 0);
INSERT INTO `studentinfo` VALUES ('5120160024', 'user24', '123', 'assassin', 'https://ss1.bdstatic.com/70cFvXSh_Q1YnxGkpoWK1HF6hhy/it/u=1483033257,4287748004&fm=27&gp=0.jpg', '地信1603', 0);
INSERT INTO `studentinfo` VALUES ('5120160025', 'user25', '123', '卡速度快', 'https://ss1.bdstatic.com/70cFvXSh_Q1YnxGkpoWK1HF6hhy/it/u=1483033257,4287748004&fm=27&gp=0.jpg', '地信1603', 0);
INSERT INTO `studentinfo` VALUES ('5120160026', 'user26', '123', '阿达', 'https://ss1.bdstatic.com/70cFvXSh_Q1YnxGkpoWK1HF6hhy/it/u=1483033257,4287748004&fm=27&gp=0.jpg', '地信1603', 0);
INSERT INTO `studentinfo` VALUES ('5120160027', 'user27', '123', '撒', 'https://ss1.bdstatic.com/70cFvXSh_Q1YnxGkpoWK1HF6hhy/it/u=1483033257,4287748004&fm=27&gp=0.jpg', '地信1603', 0);
INSERT INTO `studentinfo` VALUES ('5120160028', 'user000', '123', '汪汪', '4o3dSag_xI4khGkpoWK1HF6hhy/baike/c0%3Dbaike92%2C5%2C5%2C92%2C30/sign=e1c4d3ea9b25bc313f5009ca3fb6e6d4/42a98226cffc1e1746b38a154890f603738de982.jpg', '地信1603', 0);
INSERT INTO `studentinfo` VALUES ('5120161110', '李明1', '5120161110', '李明1', 'http://k.zol-img.com.cn/sjbbs/7692/a7691515_s.jpg', '地信1603', 0);
INSERT INTO `studentinfo` VALUES ('5120161111', '李明2', '5120161111', '李明2', 'http://k.zol-img.com.cn/sjbbs/7692/a7691515_s.jpg', '地信1603', 0);
INSERT INTO `studentinfo` VALUES ('5120161112', '李明3', '5120161112', '李明3', 'http://k.zol-img.com.cn/sjbbs/7692/a7691515_s.jpg', '地信1603', 0);
INSERT INTO `studentinfo` VALUES ('5120161113', '李明4', '5120161113', '李明4', 'http://k.zol-img.com.cn/sjbbs/7692/a7691515_s.jpg', '地信1603', 0);
INSERT INTO `studentinfo` VALUES ('5120161114', '李明5', '5120161114', '李明5', 'http://k.zol-img.com.cn/sjbbs/7692/a7691515_s.jpg', '地信1603', 0);
INSERT INTO `studentinfo` VALUES ('5120161115', '李明6', '5120161115', '李明6', 'http://k.zol-img.com.cn/sjbbs/7692/a7691515_s.jpg', '地信1603', 0);
INSERT INTO `studentinfo` VALUES ('5120161116', '李明7', '5120161116', '李明7', 'http://k.zol-img.com.cn/sjbbs/7692/a7691515_s.jpg', '地信1603', 0);
INSERT INTO `studentinfo` VALUES ('5120161117', '李明8', '5120161117', '李明8', 'http://k.zol-img.com.cn/sjbbs/7692/a7691515_s.jpg', '地信1603', 0);
INSERT INTO `studentinfo` VALUES ('5120161118', '李明9', '5120161118', '李明9', 'http://k.zol-img.com.cn/sjbbs/7692/a7691515_s.jpg', '地信1603', 0);
INSERT INTO `studentinfo` VALUES ('5120161119', '李明10', '5120161119', '李明10', 'http://k.zol-img.com.cn/sjbbs/7692/a7691515_s.jpg', '地信1603', 0);
INSERT INTO `studentinfo` VALUES ('5120161120', '李明11', '5120161120', '李明11', 'http://k.zol-img.com.cn/sjbbs/7692/a7691515_s.jpg', '地信1603', 0);
INSERT INTO `studentinfo` VALUES ('5120161121', '李明12', '5120161121', '李明12', 'http://k.zol-img.com.cn/sjbbs/7692/a7691515_s.jpg', '地信1603', 0);
INSERT INTO `studentinfo` VALUES ('5120161122', '李明13', '5120161122', '李明13', 'http://k.zol-img.com.cn/sjbbs/7692/a7691515_s.jpg', '地信1603', 0);
INSERT INTO `studentinfo` VALUES ('5120161123', '李明14', '5120161123', '李明14', 'http://k.zol-img.com.cn/sjbbs/7692/a7691515_s.jpg', '地信1603', 0);
INSERT INTO `studentinfo` VALUES ('5120161124', '李明15', '5120161124', '李明15', 'http://k.zol-img.com.cn/sjbbs/7692/a7691515_s.jpg', '地信1603', 0);
INSERT INTO `studentinfo` VALUES ('5120161125', '李明16', '5120161125', '李明16', 'http://k.zol-img.com.cn/sjbbs/7692/a7691515_s.jpg', '地信1603', 0);
INSERT INTO `studentinfo` VALUES ('5120161126', '李明17', '5120161126', '李明17', 'http://k.zol-img.com.cn/sjbbs/7692/a7691515_s.jpg', '地信1603', 0);
INSERT INTO `studentinfo` VALUES ('5120161127', '李明18', '5120161127', '李明18', 'http://k.zol-img.com.cn/sjbbs/7692/a7691515_s.jpg', '地信1603', 0);
INSERT INTO `studentinfo` VALUES ('5120161128', '李明19', '5120161128', '李明19', 'http://k.zol-img.com.cn/sjbbs/7692/a7691515_s.jpg', '地信1603', 0);
INSERT INTO `studentinfo` VALUES ('5120161129', '李明20', '5120161129', '李明20', 'http://k.zol-img.com.cn/sjbbs/7692/a7691515_s.jpg', '地信1603', 0);
INSERT INTO `studentinfo` VALUES ('5120161130', '李明21', '5120161130', '李明21', 'http://k.zol-img.com.cn/sjbbs/7692/a7691515_s.jpg', '地信1603', 0);
INSERT INTO `studentinfo` VALUES ('5120161131', '李明22', '5120161131', '李明22', 'http://k.zol-img.com.cn/sjbbs/7692/a7691515_s.jpg', '地信1603', 0);
INSERT INTO `studentinfo` VALUES ('5120161132', '李明23', '5120161132', '李明23', 'http://k.zol-img.com.cn/sjbbs/7692/a7691515_s.jpg', '地信1603', 0);
INSERT INTO `studentinfo` VALUES ('5120161133', '李明24', '5120161133', '李明24', 'http://k.zol-img.com.cn/sjbbs/7692/a7691515_s.jpg', '地信1603', 0);
INSERT INTO `studentinfo` VALUES ('5120161134', '李明25', '5120161134', '李明25', 'http://k.zol-img.com.cn/sjbbs/7692/a7691515_s.jpg', '地信1603', 0);
INSERT INTO `studentinfo` VALUES ('5120161135', '李明26', '5120161135', '李明26', 'http://k.zol-img.com.cn/sjbbs/7692/a7691515_s.jpg', '地信1603', 0);
INSERT INTO `studentinfo` VALUES ('5120161136', '李明27', '5120161136', '李明27', 'http://k.zol-img.com.cn/sjbbs/7692/a7691515_s.jpg', '地信1603', 0);
INSERT INTO `studentinfo` VALUES ('5120161137', '李明28', '5120161137', '李明28', 'http://k.zol-img.com.cn/sjbbs/7692/a7691515_s.jpg', '地信1603', 0);
INSERT INTO `studentinfo` VALUES ('5120161138', '李明29', '5120161138', '李明29', 'http://k.zol-img.com.cn/sjbbs/7692/a7691515_s.jpg', '地信1603', 0);
INSERT INTO `studentinfo` VALUES ('5120161139', '李明30', '5120161139', '李明30', 'http://k.zol-img.com.cn/sjbbs/7692/a7691515_s.jpg', '地信1603', 0);
INSERT INTO `studentinfo` VALUES ('5120161140', '李明31', '5120161140', '李明31', 'http://k.zol-img.com.cn/sjbbs/7692/a7691515_s.jpg', '地信1603', 0);
INSERT INTO `studentinfo` VALUES ('5120161141', '李明32', '5120161141', '李明32', 'http://k.zol-img.com.cn/sjbbs/7692/a7691515_s.jpg', '地信1603', 0);
INSERT INTO `studentinfo` VALUES ('5120161142', '李明33', '5120161142', '李明33', 'http://k.zol-img.com.cn/sjbbs/7692/a7691515_s.jpg', '地信1603', 0);
INSERT INTO `studentinfo` VALUES ('5120161143', '李明34', '5120161143', '李明34', 'http://k.zol-img.com.cn/sjbbs/7692/a7691515_s.jpg', '地信1603', 0);
INSERT INTO `studentinfo` VALUES ('5120161144', '李明35', '5120161144', '李明35', 'http://k.zol-img.com.cn/sjbbs/7692/a7691515_s.jpg', '地信1603', 0);
INSERT INTO `studentinfo` VALUES ('5120161145', '李明36', '5120161145', '李明36', 'http://k.zol-img.com.cn/sjbbs/7692/a7691515_s.jpg', '地信1603', 0);
INSERT INTO `studentinfo` VALUES ('5120161146', '李明37', '5120161146', '李明37', 'http://k.zol-img.com.cn/sjbbs/7692/a7691515_s.jpg', '地信1603', 0);
INSERT INTO `studentinfo` VALUES ('5120161147', '李明38', '5120161147', '李明38', 'http://k.zol-img.com.cn/sjbbs/7692/a7691515_s.jpg', '地信1603', 0);
INSERT INTO `studentinfo` VALUES ('5120161148', '李明39', '5120161148', '李明39', 'http://k.zol-img.com.cn/sjbbs/7692/a7691515_s.jpg', '地信1603', 0);
INSERT INTO `studentinfo` VALUES ('5120161149', '李明40', '5120161149', '李明40', 'http://k.zol-img.com.cn/sjbbs/7692/a7691515_s.jpg', '地信1603', 0);
INSERT INTO `studentinfo` VALUES ('5120161150', '李明41', '5120161150', '李明41', 'http://k.zol-img.com.cn/sjbbs/7692/a7691515_s.jpg', '地信1603', 0);
INSERT INTO `studentinfo` VALUES ('5120161151', '李明42', '5120161151', '李明42', 'http://k.zol-img.com.cn/sjbbs/7692/a7691515_s.jpg', '地信1603', 0);
INSERT INTO `studentinfo` VALUES ('5120161152', '李明43', '5120161152', '李明43', 'http://k.zol-img.com.cn/sjbbs/7692/a7691515_s.jpg', '地信1603', 0);
INSERT INTO `studentinfo` VALUES ('5120161153', '李明44', '5120161153', '李明44', 'http://k.zol-img.com.cn/sjbbs/7692/a7691515_s.jpg', '地信1603', 0);
INSERT INTO `studentinfo` VALUES ('5120161154', '李明45', '5120161154', '李明45', 'http://k.zol-img.com.cn/sjbbs/7692/a7691515_s.jpg', '地信1603', 0);
INSERT INTO `studentinfo` VALUES ('5120161155', '李明46', '5120161155', '李明46', 'http://k.zol-img.com.cn/sjbbs/7692/a7691515_s.jpg', '地信1603', 0);
INSERT INTO `studentinfo` VALUES ('5120161156', '李明47', '5120161156', '李明47', 'http://k.zol-img.com.cn/sjbbs/7692/a7691515_s.jpg', '地信1603', 0);
INSERT INTO `studentinfo` VALUES ('5120161157', '李明48', '5120161157', '李明48', 'http://k.zol-img.com.cn/sjbbs/7692/a7691515_s.jpg', '地信1603', 0);
INSERT INTO `studentinfo` VALUES ('5120161158', '李明49', '5120161158', '李明49', 'http://k.zol-img.com.cn/sjbbs/7692/a7691515_s.jpg', '地信1603', 0);
INSERT INTO `studentinfo` VALUES ('5120161159', '李明50', '5120161159', '李明50', 'http://k.zol-img.com.cn/sjbbs/7692/a7691515_s.jpg', '地信1603', 0);
INSERT INTO `studentinfo` VALUES ('5120161160', '李明51', '5120161160', '李明51', 'http://k.zol-img.com.cn/sjbbs/7692/a7691515_s.jpg', '地信1603', 0);
INSERT INTO `studentinfo` VALUES ('5120161161', '李明52', '5120161161', '李明52', 'http://k.zol-img.com.cn/sjbbs/7692/a7691515_s.jpg', '地信1603', 0);
INSERT INTO `studentinfo` VALUES ('5120161162', '李明53', '5120161162', '李明53', 'http://k.zol-img.com.cn/sjbbs/7692/a7691515_s.jpg', '地信1603', 0);
INSERT INTO `studentinfo` VALUES ('5120161163', '李明54', '5120161163', '李明54', 'http://k.zol-img.com.cn/sjbbs/7692/a7691515_s.jpg', '地信1603', 0);
INSERT INTO `studentinfo` VALUES ('5120161164', '李明55', '5120161164', '李明55', 'http://k.zol-img.com.cn/sjbbs/7692/a7691515_s.jpg', '地信1603', 0);
INSERT INTO `studentinfo` VALUES ('5120161165', '李明56', '5120161165', '李明56', 'http://k.zol-img.com.cn/sjbbs/7692/a7691515_s.jpg', '地信1603', 0);
INSERT INTO `studentinfo` VALUES ('5120161166', '李明57', '5120161166', '李明57', 'http://k.zol-img.com.cn/sjbbs/7692/a7691515_s.jpg', '地信1603', 0);
INSERT INTO `studentinfo` VALUES ('5120161167', '李明58', '5120161167', '李明58', 'http://k.zol-img.com.cn/sjbbs/7692/a7691515_s.jpg', '地信1603', 0);
INSERT INTO `studentinfo` VALUES ('5120161168', '李明59', '5120161168', '李明59', 'http://k.zol-img.com.cn/sjbbs/7692/a7691515_s.jpg', '地信1603', 0);
INSERT INTO `studentinfo` VALUES ('5120161169', '李明60', '5120161169', '李明60', 'http://k.zol-img.com.cn/sjbbs/7692/a7691515_s.jpg', '地信1603', 0);
INSERT INTO `studentinfo` VALUES ('5120161170', '李明61', '5120161170', '李明61', 'http://k.zol-img.com.cn/sjbbs/7692/a7691515_s.jpg', '地信1603', 0);
INSERT INTO `studentinfo` VALUES ('5120161171', '李明62', '5120161171', '李明62', 'http://k.zol-img.com.cn/sjbbs/7692/a7691515_s.jpg', '地信1603', 0);
INSERT INTO `studentinfo` VALUES ('5120161173', '李明64', '5120161173', '李明64', 'http://k.zol-img.com.cn/sjbbs/7692/a7691515_s.jpg', '地信1604', 0);
INSERT INTO `studentinfo` VALUES ('5120161174', '李明65', '5120161174', '李明65', 'http://k.zol-img.com.cn/sjbbs/7692/a7691515_s.jpg', '地信1605', 0);
INSERT INTO `studentinfo` VALUES ('T001', '李老师', '123', 'sb', 'http://pic9.nipic.com/20100827/5252423_161258496483_2.jpg', '地信1603,地信1602', 1);
INSERT INTO `studentinfo` VALUES ('T002', '王老师', '123', '王老师', 'http://pic17.nipic.com/20111101/3094309_171235018306_2.jpg', '地信1601,地信1602,地信1603', 1);
INSERT INTO `studentinfo` VALUES ('T003', '赵老师', '123', '赵老师', 'http://pic38.nipic.com/20140226/2457331_112835004364_2.jpg', '地信1601,地信1602,地信1603', 1);
INSERT INTO `studentinfo` VALUES ('T004', '孙老师', '123', '孙老师', 'https://ss0.bdstatic.com/94oJfD_bAAcT8t7mm9GUKT-xh_/timg?image&quality=100&size=b4000_4000&sec=1559474838&di=c4f19affec6b910b619c80c08fec7ec1&src=http://i9.hexunimg.cn/2013-07-05/155842064.jpg', '地信1601,地信1602,地信1603', 1);
INSERT INTO `studentinfo` VALUES ('T005', '吧老师', '123', '吧老师', 'https://gss0.bdstatic.com/-4o3dSag_xI4khGkpoWK1HF6hhy/baike/c0%3Dbaike92%2C5%2C5%2C92%2C30/sign=e1c4d3ea9b25bc313f5009ca3fb6e6d4/42a98226cffc1e1746b38a154890f603738de982.jpg', '地信1601,地信1602,地信1603', 1);

-- ----------------------------
-- Table structure for tasktable
-- ----------------------------
DROP TABLE IF EXISTS `tasktable`;
CREATE TABLE `tasktable`  (
  `TaskId` int(20) UNSIGNED NOT NULL AUTO_INCREMENT,
  `FromTime` datetime(6) NULL DEFAULT NULL,
  `EndTime` datetime(6) NULL DEFAULT NULL,
  `TaskName` varchar(20) CHARACTER SET utf8 COLLATE utf8_general_ci NOT NULL,
  `Class` varchar(20) CHARACTER SET utf8 COLLATE utf8_general_ci NOT NULL,
  `Address` varchar(20) CHARACTER SET utf8 COLLATE utf8_general_ci NOT NULL,
  `TaskContent` varchar(20) CHARACTER SET utf8 COLLATE utf8_general_ci NOT NULL,
  `Sponsor` varchar(20) CHARACTER SET utf8 COLLATE utf8_general_ci NOT NULL,
  `TaskState` int(20) NOT NULL,
  `EmergencyMuster` varchar(21700) CHARACTER SET utf8 COLLATE utf8_general_ci NULL DEFAULT NULL,
  PRIMARY KEY (`TaskId`) USING BTREE
) ENGINE = InnoDB AUTO_INCREMENT = 87 CHARACTER SET = utf8 COLLATE = utf8_general_ci ROW_FORMAT = Dynamic;

-- ----------------------------
-- Records of tasktable
-- ----------------------------
INSERT INTO `tasktable` VALUES (3, '2019-05-02 23:34:10.000000', '2019-07-02 23:34:10.000000', 'taskname', '地信1603', '绵阳', '三调', 'T001', 1, '{\"log\":104.58729922663932,\"lat\":31.515474058917818,\"time\":1561988122373}');
INSERT INTO `tasktable` VALUES (10, '2019-05-02 23:34:10.000000', '2019-07-02 23:34:10.000000', 'taskname2', '地信1603', '绵阳', '三调', 'T003', 1, NULL);
INSERT INTO `tasktable` VALUES (11, '2019-05-02 23:34:10.000000', '2019-07-02 23:34:10.000000', 'taskname3', '地信1603', '绵阳', '三调', 'T004', 0, NULL);
INSERT INTO `tasktable` VALUES (53, '2019-05-02 23:34:10.000000', '2019-07-02 23:34:10.000000', 'taskname4', '地信1603', '绵阳', '三调', 'T005', 1, NULL);
INSERT INTO `tasktable` VALUES (54, '2019-05-02 23:34:10.000000', '2019-07-02 23:34:10.000000', 'taskname5', '地信1603', '绵阳', '三调', 'T001', 0, NULL);
INSERT INTO `tasktable` VALUES (56, '2019-05-02 23:34:10.000000', '2019-07-02 23:34:10.000000', 'taskname7', '地信1603', '绵阳', '三调', 'T003', 1, NULL);
INSERT INTO `tasktable` VALUES (57, '2019-05-02 23:34:10.000000', '2019-07-02 23:34:10.000000', 'taskname8', '地信1603', '绵阳', '三调', 'T003', 1, NULL);
INSERT INTO `tasktable` VALUES (58, '2019-05-02 23:34:10.000000', '2019-07-02 23:34:10.000000', 'taskname9', '地信1603', '绵阳', '三调', 'T002', 0, NULL);
INSERT INTO `tasktable` VALUES (59, '2019-05-02 23:34:10.000000', '2019-07-02 23:34:10.000000', 'taskname10', '地信1603', '绵阳', '三调', 'T004', 1, NULL);
INSERT INTO `tasktable` VALUES (78, '2019-07-01 21:13:04.000000', '2019-07-03 21:13:04.000000', 'Hdjd', '地信1603,地信1602', 'Hdh', 'Nxnxn', 'T001', 0, NULL);
INSERT INTO `tasktable` VALUES (85, '2019-07-19 00:00:00.000000', '2019-07-27 00:00:00.000000', '九黄山', '地信1602', '江油', '参观地质博物馆', 'T001', 0, NULL);
INSERT INTO `tasktable` VALUES (86, '2019-07-13 00:00:00.000000', '2019-07-21 00:00:00.000000', '九寨', '地信1603', '四川', '观察钙化', 'T001', 0, NULL);

-- ----------------------------
-- Table structure for testresult
-- ----------------------------
DROP TABLE IF EXISTS `testresult`;
CREATE TABLE `testresult`  (
  `Id` int(20) NOT NULL AUTO_INCREMENT,
  `UserId` varchar(20) CHARACTER SET utf8 COLLATE utf8_general_ci NOT NULL COMMENT '用户id',
  `TaskId` int(20) NOT NULL COMMENT 'taskid',
  `TestId` int(20) NOT NULL,
  `Grade` int(20) NULL DEFAULT 0 COMMENT '老师对于该学生答案的打分，默认为0分',
  `SubmitTime` datetime(6) NULL DEFAULT NULL COMMENT '学生提交时间',
  `Answer` varchar(255) CHARACTER SET utf8 COLLATE utf8_general_ci NOT NULL COMMENT '学生答案',
  `Evaluate` varchar(500) CHARACTER SET utf8 COLLATE utf8_general_ci NULL DEFAULT NULL COMMENT '老师对于该学生的答案评价',
  `FinallyGrade` int(20) NOT NULL DEFAULT 0,
  `State` int(255) NOT NULL DEFAULT 0 COMMENT '状态，0代表老师未批改，1代表老师已批改',
  PRIMARY KEY (`Id`) USING BTREE
) ENGINE = InnoDB AUTO_INCREMENT = 34 CHARACTER SET = utf8 COLLATE = utf8_general_ci ROW_FORMAT = Dynamic;

-- ----------------------------
-- Records of testresult
-- ----------------------------
INSERT INTO `testresult` VALUES (2, '5120160001', 3, 3, 6, '2019-06-06 17:49:21.000000', '喀斯特地貌（英语：karst landform），是具有溶蚀力的水对可溶性岩石（大多为石灰岩）进行溶蚀作用等所形成的地表和地下形态的总称，又称岩溶地貌', 'fdhgdfgfdg', 0, 0);
INSERT INTO `testresult` VALUES (3, '5120160002', 3, 3, 4, '2019-06-06 17:50:39.000000', '22222222222222222', 'dfgff', 0, 0);
INSERT INTO `testresult` VALUES (4, '5120160003', 3, 3, 2, '2019-06-06 23:55:54.000000', '333333333333333', '苹果笔记本', 0, 0);
INSERT INTO `testresult` VALUES (5, '5120160004', 3, 3, 2, '2019-06-06 23:55:54.000000', '44444444444444', '空间看看', 0, 0);
INSERT INTO `testresult` VALUES (6, '5120160005', 3, 3, 2, '2019-06-06 23:55:54.000000', '555555555555555', '空间看看mm', 0, 0);
INSERT INTO `testresult` VALUES (7, '5120160006', 3, 4, 9, '2019-06-06 23:55:54.000000', '66666666666666666666', '666', 0, 1);
INSERT INTO `testresult` VALUES (8, '5120160007', 3, 3, 4, '2019-06-06 23:55:54.000000', '77777777777777', '觉得可可小姐才能', 0, 0);
INSERT INTO `testresult` VALUES (9, '5120160008', 3, 3, 6, '2019-06-06 23:55:54.000000', '8888888888', 'undefined', 0, 1);
INSERT INTO `testresult` VALUES (10, '5120160009', 3, 3, 2, '2019-06-06 23:55:54.000000', '99999999', '就奖学金超级超级', 0, 0);
INSERT INTO `testresult` VALUES (11, '5120160010', 3, 4, 2, '2019-06-06 23:55:54.000000', '111111111', 'erw', 2, 1);
INSERT INTO `testresult` VALUES (12, '5120160011', 3, 3, 1, '2019-06-06 23:55:54.000000', '111', '偏题了', 0, 0);
INSERT INTO `testresult` VALUES (13, '5120160012', 3, 3, 4, '2019-06-05 23:56:03.000000', '2525', '答案不够全面，漏写', 0, 0);
INSERT INTO `testresult` VALUES (14, '5120160013', 3, 3, 6, '2019-05-28 23:56:08.000000', '完全正确似懂非懂防守打法地方舒服舒服', '该同学答案完全正确', 0, 1);
INSERT INTO `testresult` VALUES (15, '5120160014', 3, 3, 5, '2019-06-06 01:56:17.000000', '高等丰富的', '字体差了点，不过答案正确', 0, 0);
INSERT INTO `testresult` VALUES (16, '5120160015', 3, 3, 6, '2019-06-06 22:49:23.000000', '22是士大夫撒的地方是发达是的大幅度撒地方撒', '完全正确', 0, 0);
INSERT INTO `testresult` VALUES (17, '5120160016', 3, 3, 0, '2019-06-06 23:49:30.000000', '000', '答非所问', 0, 0);
INSERT INTO `testresult` VALUES (18, '5120160017', 3, 3, 2, '2019-06-07 23:56:37.000000', '2110', NULL, 0, 1);
INSERT INTO `testresult` VALUES (29, '5120160001', 85, 38, 8, '2019-07-19 18:30:38.000000', '喀斯特地貌很好看', '', 8, 1);
INSERT INTO `testresult` VALUES (30, '5120160002', 85, 38, 6, '2019-07-19 18:30:38.000000', '溶洞很好看，登山很累', '', 6, 1);
INSERT INTO `testresult` VALUES (31, '5120160003', 85, 38, 5, '2019-07-19 18:30:38.000000', '似懂非懂', '', 5, 1);
INSERT INTO `testresult` VALUES (32, '5120160004', 85, 38, 1, '2019-07-19 18:30:38.000000', '很累', '', 1, 1);
INSERT INTO `testresult` VALUES (33, '5120160005', 85, 38, 10, '2019-07-19 18:30:38.000000', '水和二氧化碳结合', '', 10, 1);

-- ----------------------------
-- Table structure for testtable
-- ----------------------------
DROP TABLE IF EXISTS `testtable`;
CREATE TABLE `testtable`  (
  `Testid` int(20) NOT NULL AUTO_INCREMENT,
  `TestName` varchar(255) CHARACTER SET utf8 COLLATE utf8_general_ci NOT NULL,
  `TaskId` int(20) NOT NULL,
  `Content` varchar(20000) CHARACTER SET utf8 COLLATE utf8_general_ci NOT NULL,
  `TotalGrade` int(255) NOT NULL DEFAULT 0,
  `Deadtime` datetime(6) NULL DEFAULT NULL,
  `State` int(20) NOT NULL DEFAULT 0,
  PRIMARY KEY (`Testid`) USING BTREE
) ENGINE = InnoDB AUTO_INCREMENT = 40 CHARACTER SET = utf8 COLLATE = utf8_general_ci ROW_FORMAT = Dynamic;

-- ----------------------------
-- Records of testtable
-- ----------------------------
INSERT INTO `testtable` VALUES (3, '寻找一块较大的岩浆岩', 3, '在附近找到一个相对较大的岩浆岩并带回学校研究', 5, '2019-06-11 19:40:14.000000', 0);
INSERT INTO `testtable` VALUES (4, '查看地质构造', 3, '查看附近地貌并判断地质构造', 10, '2019-06-04 13:46:01.000000', 1);
INSERT INTO `testtable` VALUES (5, '寻找菊科植物', 3, '在附近寻找一颗菊科植物并拍照上传', 5, '2019-06-04 19:47:06.000000', 0);
INSERT INTO `testtable` VALUES (6, '找被风化了的石头', 3, '寻找附近被风化或侵蚀了的石头', 5, '2019-06-04 19:48:45.000000', 0);
INSERT INTO `testtable` VALUES (7, '统计所见动物种类', 3, '统计动物种类和数量', 5, '2019-06-03 19:52:40.000000', 0);
INSERT INTO `testtable` VALUES (9, '找扁玉螺', 3, '在附近海滩上找一个扁玉螺', 2, '2019-05-28 19:54:39.000000', 0);
INSERT INTO `testtable` VALUES (10, '采集老虎血样做标本', 3, '采集老虎血样回学校做成标本上交', 3, '2019-06-03 19:55:58.000000', 0);
INSERT INTO `testtable` VALUES (11, '5120160100', 5, 'waiwai is shabi', 5, '2019-07-02 23:34:10.000000', 0);
INSERT INTO `testtable` VALUES (20, '5120160100', 5, 'waiwai is shabi', 5, '2019-07-02 23:34:10.000000', 0);
INSERT INTO `testtable` VALUES (25, '5120160100', 5, 'waiwai is shabi', 5, '2019-07-02 23:34:10.000000', 0);
INSERT INTO `testtable` VALUES (26, '5120160100', 1, 'waiwai is shabi', 5, '2019-07-02 23:34:10.000000', 0);
INSERT INTO `testtable` VALUES (38, '喀斯特地貌', 85, '观察喀斯特地貌，猜想其成因', 10, '2019-07-19 00:00:00.000000', 1);
INSERT INTO `testtable` VALUES (39, '钙华', 86, '钙华成因', 10, '2019-07-24 00:00:00.000000', 0);

SET FOREIGN_KEY_CHECKS = 1;
